2103;Sin rellenar;1646082263447;Eric Lopez;
2522;Sin rellenar;1646082263451;Eric Lopez;
2589;Sin rellenar;1646082263447;Eric Lopez;
2590;Sin rellenar;1646082263448;Eric Lopez;
2872;Sin rellenar;1646082263448;Eric Lopez;
2543;Sin rellenar;1646082263452;Eric Lopez;
2106;Sin rellenar;1646082263449;Eric Lopez;
2179;Sin rellenar;1646082263450;Eric Lopez;
2588;Sin rellenar;1646082263452;Eric Lopez;
3103;Sin rellenar;1646082263453;Eric Lopez;
4036;Sin rellenar;1646082263453;Eric Lopez;
4045;Sin rellenar;1646082263454;Eric Lopez;
2128;Sin rellenar;1646082263497;Eric Lopez;
2145;Sin rellenar;1646082263502;Eric Lopez;
2541;Sin rellenar;1646082263503;Eric Lopez;
3341;Sin rellenar;1646082263504;Eric Lopez;
4337;Sin rellenar;1646082263504;Eric Lopez;
4347;Sin rellenar;1646082263506;Eric Lopez;
4351;Sin rellenar;1646082263508;Eric Lopez;
2744;Sin rellenar;1646082263511;Eric Lopez;
2613;Sin rellenar;1646082263512;Eric Lopez;
2614;Sin rellenar;1646082263513;Eric Lopez;
4354;Sin rellenar;1646082263511;Eric Lopez;
4355;Sin rellenar;1646082263512;Eric Lopez;
2615;Sin rellenar;1646082263513;Eric Lopez;
2628;Sin rellenar;1646082263514;Eric Lopez;
2727;Sin rellenar;1646082263514;Eric Lopez;
2924;Sin rellenar;1646082263517;Eric Lopez;
3421;Sin rellenar;1646082263518;Eric Lopez;
3678;Sin rellenar;1646082263518;Eric Lopez;
3679;Sin rellenar;1646082263519;Eric Lopez;
3680;Sin rellenar;1646082263519;Eric Lopez;
3681;Sin rellenar;1646082263519;Eric Lopez;
3717;Sin rellenar;1646082263520;Eric Lopez;
3718;Sin rellenar;1646082263520;Eric Lopez;
3720;Sin rellenar;1646082263521;Eric Lopez;
3719;Sin rellenar;1646082263521;Eric Lopez;
3205;Sin rellenar;1646082263522;Eric Lopez;
3243;Sin rellenar;1646082263523;Eric Lopez;
3297;Sin rellenar;1646082263523;Eric Lopez;
3217;Sin rellenar;1646082263528;Eric Lopez;
3230;Sin rellenar;1646082263529;Eric Lopez;
3256;Sin rellenar;1646082263529;Eric Lopez;
3263;Sin rellenar;1646082263530;Eric Lopez;
3307;Sin rellenar;1646082263530;Eric Lopez;
3978;Sin rellenar;1646082263542;Eric Lopez;
4035;Sin rellenar;1646082263543;Eric Lopez;
3905;Sin rellenar;1646082263544;Eric Lopez;
3937;Sin rellenar;1646082263551;Eric Lopez;
3943;Sin rellenar;1646082263553;Eric Lopez;
3944;Sin rellenar;1646082263554;Eric Lopez;
3947;Sin rellenar;1646082263555;Eric Lopez;
3948;Sin rellenar;1646082263555;Eric Lopez;
3953;Sin rellenar;1646082263557;Eric Lopez;
3954;Sin rellenar;1646082263559;Eric Lopez;
3959;Sin rellenar;1646082263560;Eric Lopez;
3960;Sin rellenar;1646082263561;Eric Lopez;
3965;Sin rellenar;1646082263563;Eric Lopez;
3966;Sin rellenar;1646082263564;Eric Lopez;
4451;Sin rellenar;1646082263565;Eric Lopez;
4467;Sin rellenar;1646082263565;Eric Lopez;
4468;Sin rellenar;1646082263567;Eric Lopez;
4450;Sin rellenar;1646082263568;Eric Lopez;
4454;Sin rellenar;1646082263568;Eric Lopez;
2103;Sin rellenar;1646164712388;Eric Lopez;
2589;Sin rellenar;1646164712389;Eric Lopez;
2590;Sin rellenar;1646164712390;Eric Lopez;
2872;Sin rellenar;1646164712390;Eric Lopez;
2106;Sin rellenar;1646164712391;Eric Lopez;
2179;Sin rellenar;1646164712392;Eric Lopez;
2522;Sin rellenar;1646164712393;Eric Lopez;
2543;Sin rellenar;1646164712393;Eric Lopez;
2588;Sin rellenar;1646164712394;Eric Lopez;
3103;Sin rellenar;1646164712395;Eric Lopez;
4036;Sin rellenar;1646164712396;Eric Lopez;
4045;Sin rellenar;1646164712396;Eric Lopez;
2128;Sin rellenar;1646164712441;Eric Lopez;
2145;Sin rellenar;1646164712443;Eric Lopez;
2541;Sin rellenar;1646164712444;Eric Lopez;
3341;Sin rellenar;1646164712446;Eric Lopez;
4337;Sin rellenar;1646164712447;Eric Lopez;
4351;Sin rellenar;1646164712454;Eric Lopez;
2744;Sin rellenar;1646164712467;Eric Lopez;
4354;Sin rellenar;1646164712468;Eric Lopez;
4355;Sin rellenar;1646164712469;Eric Lopez;
4347;Sin rellenar;1646164712448;Eric Lopez;
2614;Sin rellenar;1646164712473;Eric Lopez;
2613;Sin rellenar;1646164712472;Eric Lopez;
2615;Sin rellenar;1646164712483;Eric Lopez;
2628;Sin rellenar;1646164712486;Eric Lopez;
2727;Sin rellenar;1646164712487;Eric Lopez;
2924;Sin rellenar;1646164712489;Eric Lopez;
3421;Sin rellenar;1646164712490;Eric Lopez;
3678;Sin rellenar;1646164712491;Eric Lopez;
3679;Sin rellenar;1646164712492;Eric Lopez;
3680;Sin rellenar;1646164712493;Eric Lopez;
3205;Sin rellenar;1646164712517;Eric Lopez;
3681;Sin rellenar;1646164712494;Eric Lopez;
3717;Sin rellenar;1646164712507;Eric Lopez;
3718;Sin rellenar;1646164712509;Eric Lopez;
3719;Sin rellenar;1646164712513;Eric Lopez;
3720;Sin rellenar;1646164712514;Eric Lopez;
3230;Sin rellenar;1646164712533;Eric Lopez;
3243;Sin rellenar;1646164712518;Eric Lopez;
3297;Sin rellenar;1646164712519;Eric Lopez;
3217;Sin rellenar;1646164712533;Eric Lopez;
3256;Sin rellenar;1646164712534;Eric Lopez;
3263;Sin rellenar;1646164712536;Eric Lopez;
3307;Sin rellenar;1646164712538;Eric Lopez;
3978;Sin rellenar;1646164712553;Eric Lopez;
4035;Sin rellenar;1646164712554;Eric Lopez;
3905;Sin rellenar;1646164712555;Eric Lopez;
3944;Sin rellenar;1646164712559;Eric Lopez;
3937;Sin rellenar;1646164712557;Eric Lopez;
3943;Sin rellenar;1646164712558;Eric Lopez;
3947;Sin rellenar;1646164712560;Eric Lopez;
3948;Sin rellenar;1646164712561;Eric Lopez;
3953;Sin rellenar;1646164712562;Eric Lopez;
3954;Sin rellenar;1646164712563;Eric Lopez;
3959;Sin rellenar;1646164712564;Eric Lopez;
3960;Sin rellenar;1646164712565;Eric Lopez;
3965;Sin rellenar;1646164712566;Eric Lopez;
4450;Sin rellenar;1646164712573;Eric Lopez;
3966;Sin rellenar;1646164712568;Eric Lopez;
4451;Sin rellenar;1646164712569;Eric Lopez;
4467;Sin rellenar;1646164712571;Eric Lopez;
4468;Sin rellenar;1646164712571;Eric Lopez;
4454;Sin rellenar;1646164712573;Eric Lopez;
